[{"model": "admin.logentry", "pk": 1, "fields": {"action_time": "2023-02-27T18:01:42.750Z", "user": 1, "content_type": 4, "object_id": "6", "object_repr": "Staff", "action_flag": 2, "change_message": "[{\"changed\": {\"fields\": [\"Staff status\"]}}]"}}, {"model": "admin.logentry", "pk": 2, "fields": {"action_time": "2023-03-05T20:59:15.412Z", "user": 1, "content_type": 4, "object_id": "6", "object_repr": "Staff", "action_flag": 3, "change_message": ""}}, {"model": "admin.logentry", "pk": 3, "fields": {"action_time": "2023-03-05T21:06:07.172Z", "user": 1, "content_type": 4, "object_id": "6", "object_repr": "Staff", "action_flag": 3, "change_message": ""}}, {"model": "auth.permission", "pk": 1, "fields": {"name": "Can add log entry", "content_type": 1, "codename": "add_logentry"}}, {"model": "auth.permission", "pk": 2, "fields": {"name": "Can change log entry", "content_type": 1, "codename": "change_logentry"}}, {"model": "auth.permission", "pk": 3, "fields": {"name": "Can delete log entry", "content_type": 1, "codename": "delete_logentry"}}, {"model": "auth.permission", "pk": 4, "fields": {"name": "Can view log entry", "content_type": 1, "codename": "view_logentry"}}, {"model": "auth.permission", "pk": 5, "fields": {"name": "Can add permission", "content_type": 2, "codename": "add_permission"}}, {"model": "auth.permission", "pk": 6, "fields": {"name": "Can change permission", "content_type": 2, "codename": "change_permission"}}, {"model": "auth.permission", "pk": 7, "fields": {"name": "Can delete permission", "content_type": 2, "codename": "delete_permission"}}, {"model": "auth.permission", "pk": 8, "fields": {"name": "Can view permission", "content_type": 2, "codename": "view_permission"}}, {"model": "auth.permission", "pk": 9, "fields": {"name": "Can add group", "content_type": 3, "codename": "add_group"}}, {"model": "auth.permission", "pk": 10, "fields": {"name": "Can change group", "content_type": 3, "codename": "change_group"}}, {"model": "auth.permission", "pk": 11, "fields": {"name": "Can delete group", "content_type": 3, "codename": "delete_group"}}, {"model": "auth.permission", "pk": 12, "fields": {"name": "Can view group", "content_type": 3, "codename": "view_group"}}, {"model": "auth.permission", "pk": 13, "fields": {"name": "Can add user", "content_type": 4, "codename": "add_user"}}, {"model": "auth.permission", "pk": 14, "fields": {"name": "Can change user", "content_type": 4, "codename": "change_user"}}, {"model": "auth.permission", "pk": 15, "fields": {"name": "Can delete user", "content_type": 4, "codename": "delete_user"}}, {"model": "auth.permission", "pk": 16, "fields": {"name": "Can view user", "content_type": 4, "codename": "view_user"}}, {"model": "auth.permission", "pk": 17, "fields": {"name": "Can add content type", "content_type": 5, "codename": "add_contenttype"}}, {"model": "auth.permission", "pk": 18, "fields": {"name": "Can change content type", "content_type": 5, "codename": "change_contenttype"}}, {"model": "auth.permission", "pk": 19, "fields": {"name": "Can delete content type", "content_type": 5, "codename": "delete_contenttype"}}, {"model": "auth.permission", "pk": 20, "fields": {"name": "Can view content type", "content_type": 5, "codename": "view_contenttype"}}, {"model": "auth.permission", "pk": 21, "fields": {"name": "Can add session", "content_type": 6, "codename": "add_session"}}, {"model": "auth.permission", "pk": 22, "fields": {"name": "Can change session", "content_type": 6, "codename": "change_session"}}, {"model": "auth.permission", "pk": 23, "fields": {"name": "Can delete session", "content_type": 6, "codename": "delete_session"}}, {"model": "auth.permission", "pk": 24, "fields": {"name": "Can view session", "content_type": 6, "codename": "view_session"}}, {"model": "auth.permission", "pk": 25, "fields": {"name": "Can add blacklisted token", "content_type": 7, "codename": "add_blacklistedtoken"}}, {"model": "auth.permission", "pk": 26, "fields": {"name": "Can change blacklisted token", "content_type": 7, "codename": "change_blacklistedtoken"}}, {"model": "auth.permission", "pk": 27, "fields": {"name": "Can delete blacklisted token", "content_type": 7, "codename": "delete_blacklistedtoken"}}, {"model": "auth.permission", "pk": 28, "fields": {"name": "Can view blacklisted token", "content_type": 7, "codename": "view_blacklistedtoken"}}, {"model": "auth.permission", "pk": 29, "fields": {"name": "Can add outstanding token", "content_type": 8, "codename": "add_outstandingtoken"}}, {"model": "auth.permission", "pk": 30, "fields": {"name": "Can change outstanding token", "content_type": 8, "codename": "change_outstandingtoken"}}, {"model": "auth.permission", "pk": 31, "fields": {"name": "Can delete outstanding token", "content_type": 8, "codename": "delete_outstandingtoken"}}, {"model": "auth.permission", "pk": 32, "fields": {"name": "Can view outstanding token", "content_type": 8, "codename": "view_outstandingtoken"}}, {"model": "auth.permission", "pk": 33, "fields": {"name": "Can add product", "content_type": 9, "codename": "add_product"}}, {"model": "auth.permission", "pk": 34, "fields": {"name": "Can change product", "content_type": 9, "codename": "change_product"}}, {"model": "auth.permission", "pk": 35, "fields": {"name": "Can delete product", "content_type": 9, "codename": "delete_product"}}, {"model": "auth.permission", "pk": 36, "fields": {"name": "Can view product", "content_type": 9, "codename": "view_product"}}, {"model": "auth.permission", "pk": 37, "fields": {"name": "Can add profile", "content_type": 10, "codename": "add_profile"}}, {"model": "auth.permission", "pk": 38, "fields": {"name": "Can change profile", "content_type": 10, "codename": "change_profile"}}, {"model": "auth.permission", "pk": 39, "fields": {"name": "Can delete profile", "content_type": 10, "codename": "delete_profile"}}, {"model": "auth.permission", "pk": 40, "fields": {"name": "Can view profile", "content_type": 10, "codename": "view_profile"}}, {"model": "auth.permission", "pk": 41, "fields": {"name": "Can add order", "content_type": 11, "codename": "add_order"}}, {"model": "auth.permission", "pk": 42, "fields": {"name": "Can change order", "content_type": 11, "codename": "change_order"}}, {"model": "auth.permission", "pk": 43, "fields": {"name": "Can delete order", "content_type": 11, "codename": "delete_order"}}, {"model": "auth.permission", "pk": 44, "fields": {"name": "Can view order", "content_type": 11, "codename": "view_order"}}, {"model": "auth.permission", "pk": 45, "fields": {"name": "Can add shipping", "content_type": 12, "codename": "add_shipping"}}, {"model": "auth.permission", "pk": 46, "fields": {"name": "Can change shipping", "content_type": 12, "codename": "change_shipping"}}, {"model": "auth.permission", "pk": 47, "fields": {"name": "Can delete shipping", "content_type": 12, "codename": "delete_shipping"}}, {"model": "auth.permission", "pk": 48, "fields": {"name": "Can view shipping", "content_type": 12, "codename": "view_shipping"}}, {"model": "auth.permission", "pk": 49, "fields": {"name": "Can add category", "content_type": 13, "codename": "add_category"}}, {"model": "auth.permission", "pk": 50, "fields": {"name": "Can change category", "content_type": 13, "codename": "change_category"}}, {"model": "auth.permission", "pk": 51, "fields": {"name": "Can delete category", "content_type": 13, "codename": "delete_category"}}, {"model": "auth.permission", "pk": 52, "fields": {"name": "Can view category", "content_type": 13, "codename": "view_category"}}, {"model": "auth.permission", "pk": 53, "fields": {"name": "Can add review", "content_type": 14, "codename": "add_review"}}, {"model": "auth.permission", "pk": 54, "fields": {"name": "Can change review", "content_type": 14, "codename": "change_review"}}, {"model": "auth.permission", "pk": 55, "fields": {"name": "Can delete review", "content_type": 14, "codename": "delete_review"}}, {"model": "auth.permission", "pk": 56, "fields": {"name": "Can view review", "content_type": 14, "codename": "view_review"}}, {"model": "auth.user", "pk": 1, "fields": {"password": "pbkdf2_sha256$390000$ggRPz5Y6vY7s9t4FmsKxBa$5UfUa5RNGVqC3gvhdRyOGGuznf/Ztwmy4bYP32nS+/k=", "last_login": "2023-02-27T17:59:47.323Z", "is_superuser": true, "username": "AdminSecret", "first_name": "", "last_name": "", "email": "admin@email.com", "is_staff": true, "is_active": true, "date_joined": "2023-02-25T20:14:11.620Z", "groups": [], "user_permissions": []}}, {"model": "auth.user", "pk": 2, "fields": {"password": "pbkdf2_sha256$390000$lcuG7mBUhjZ0BV2ClHNKe9$BiKWrk3hk/vQCWZ/zg/4maOkdWV3ozQvXZBwbclc9ro=", "last_login": null, "is_superuser": false, "username": "Omer", "first_name": "", "last_name": "", "email": "o@email.com", "is_staff": false, "is_active": true, "date_joined": "2023-02-26T18:36:41.797Z", "groups": [], "user_permissions": []}}, {"model": "auth.user", "pk": 3, "fields": {"password": "pbkdf2_sha256$390000$tKVIVPoMexD0zJwiM3d6jC$NzNycAbEdhvmfekwHjxjStyR66iLsw7Tz8obXG8pvtk=", "last_login": null, "is_superuser": false, "username": "matan", "first_name": "", "last_name": "", "email": "m@email.com", "is_staff": false, "is_active": true, "date_joined": "2023-02-26T18:51:08.351Z", "groups": [], "user_permissions": []}}, {"model": "auth.user", "pk": 4, "fields": {"password": "pbkdf2_sha256$390000$ybFJq19SVs30CcFMohV8Tq$A6+hjw/g9/306LpUwVeMGkB5cqUmo+S0nOqsvtqq4qA=", "last_login": null, "is_superuser": false, "username": "Birman", "first_name": "", "last_name": "", "email": "b@email.com", "is_staff": false, "is_active": true, "date_joined": "2023-02-26T18:58:23.945Z", "groups": [], "user_permissions": []}}, {"model": "auth.user", "pk": 5, "fields": {"password": "pbkdf2_sha256$390000$4NbP0EEEjk6YcHYwmPeYSA$WJ2MCHvX8wi2acFeUj0ykfwiw/pWIqmRqaXerTcKKoU=", "last_login": null, "is_superuser": false, "username": "Chen", "first_name": "", "last_name": "", "email": "c@email.com", "is_staff": false, "is_active": true, "date_joined": "2023-02-26T19:03:25.927Z", "groups": [], "user_permissions": []}}, {"model": "contenttypes.contenttype", "pk": 1, "fields": {"app_label": "admin", "model": "logentry"}}, {"model": "contenttypes.contenttype", "pk": 2, "fields": {"app_label": "auth", "model": "permission"}}, {"model": "contenttypes.contenttype", "pk": 3, "fields": {"app_label": "auth", "model": "group"}}, {"model": "contenttypes.contenttype", "pk": 4, "fields": {"app_label": "auth", "model": "user"}}, {"model": "contenttypes.contenttype", "pk": 5, "fields": {"app_label": "contenttypes", "model": "contenttype"}}, {"model": "contenttypes.contenttype", "pk": 6, "fields": {"app_label": "sessions", "model": "session"}}, {"model": "contenttypes.contenttype", "pk": 7, "fields": {"app_label": "token_blacklist", "model": "blacklistedtoken"}}, {"model": "contenttypes.contenttype", "pk": 8, "fields": {"app_label": "token_blacklist", "model": "outstandingtoken"}}, {"model": "contenttypes.contenttype", "pk": 9, "fields": {"app_label": "product", "model": "product"}}, {"model": "contenttypes.contenttype", "pk": 10, "fields": {"app_label": "profile_user", "model": "profile"}}, {"model": "contenttypes.contenttype", "pk": 11, "fields": {"app_label": "order", "model": "order"}}, {"model": "contenttypes.contenttype", "pk": 12, "fields": {"app_label": "shipping", "model": "shipping"}}, {"model": "contenttypes.contenttype", "pk": 13, "fields": {"app_label": "category", "model": "category"}}, {"model": "contenttypes.contenttype", "pk": 14, "fields": {"app_label": "reviews", "model": "review"}}, {"model": "sessions.session", "pk": "ya99r2jj0jiadpb08uhqqprnvk9v5okb", "fields": {"session_data": ".eJxVjDsOwjAQBe_iGllZx7-lpOcMkb27wQFkS_lUiLtDpBTQvpl5LzWkbS3Dtsg8TKzOCtTpd8uJHlJ3wPdUb01Tq-s8Zb0r-qCLvjaW5-Vw_w5KWsq3tiRjH7jr0Qo5EoDQR2SCGMlYw8A--uA5wojWZuhEENAFh47IOFTvD9q8NzU:1pWhmt:LLB-5sG8w0giOiZjOnyorQwVSgxXACTogdhjvKO5dig", "expire_date": "2023-03-13T17:59:47.540Z"}}, {"model": "token_blacklist.outstandingtoken", "pk": 1, "fields": {"user": 1, "jti": "0c7b344fc3fd4f32984c460f2347e219", "token": "eyJhbGciOiJIUzI1NiIsInR5cCI6IkpXVCJ9.eyJ0b2tlbl90eXBlIjoicmVmcmVzaCIsImV4cCI6MTY4NTEzMjExOCwiaWF0IjoxNjc3MzU2MTE4LCJqdGkiOiIwYzdiMzQ0ZmMzZmQ0ZjMyOTg0YzQ2MGYyMzQ3ZTIxOSIsInVzZXJfaWQiOjF9.hDJGNUZFfBUPhE-PC8rW7FLbgOj6cCD4PG9i6J3LPTY", "created_at": "2023-02-25T20:15:18.887Z", "expires_at": "2023-05-26T20:15:18Z"}}, {"model": "token_blacklist.outstandingtoken", "pk": 2, "fields": {"user": 1, "jti": "878519d3065145ac9fdf7ae0b7f0614b", "token": "eyJhbGciOiJIUzI1NiIsInR5cCI6IkpXVCJ9.eyJ0b2tlbl90eXBlIjoicmVmcmVzaCIsImV4cCI6MTY4NTE0MzI2NiwiaWF0IjoxNjc3MzY3MjY2LCJqdGkiOiI4Nzg1MTlkMzA2NTE0NWFjOWZkZjdhZTBiN2YwNjE0YiIsInVzZXJfaWQiOjF9.3RvLrB-oK2spglMa9e3tfnXZ_jgP1w1ng7HCONUwSBA", "created_at": "2023-02-25T23:21:06.259Z", "expires_at": "2023-05-26T23:21:06Z"}}, {"model": "token_blacklist.outstandingtoken", "pk": 3, "fields": {"user": 1, "jti": "01f251138562438282aa2295df025d08", "token": "eyJhbGciOiJIUzI1NiIsInR5cCI6IkpXVCJ9.eyJ0b2tlbl90eXBlIjoicmVmcmVzaCIsImV4cCI6MTY4NTE0NTkyNSwiaWF0IjoxNjc3MzY5OTI1LCJqdGkiOiIwMWYyNTExMzg1NjI0MzgyODJhYTIyOTVkZjAyNWQwOCIsInVzZXJfaWQiOjF9.f7dS6ETksy1wCZuxODHb73Q020SAwYcnwwGSwmdhm88", "created_at": "2023-02-26T00:05:25.903Z", "expires_at": "2023-05-27T00:05:25Z"}}, {"model": "token_blacklist.outstandingtoken", "pk": 4, "fields": {"user": 1, "jti": "954e7f9b197247f2857b8ea69a7a2ee8", "token": "eyJhbGciOiJIUzI1NiIsInR5cCI6IkpXVCJ9.eyJ0b2tlbl90eXBlIjoicmVmcmVzaCIsImV4cCI6MTY4NTE4MDA0OCwiaWF0IjoxNjc3NDA0MDQ4LCJqdGkiOiI5NTRlN2Y5YjE5NzI0N2YyODU3YjhlYTY5YTdhMmVlOCIsInVzZXJfaWQiOjF9.nY8EjQdDAbfwbHRyuN3No-Wc3tFtn1U_zNRMve7_YTM", "created_at": "2023-02-26T09:34:08.937Z", "expires_at": "2023-05-27T09:34:08Z"}}, {"model": "token_blacklist.outstandingtoken", "pk": 5, "fields": {"user": 1, "jti": "e864d30c4484469bb862d2d9c9c41959", "token": "eyJhbGciOiJIUzI1NiIsInR5cCI6IkpXVCJ9.eyJ0b2tlbl90eXBlIjoicmVmcmVzaCIsImV4cCI6MTY4NTE4NTYyOSwiaWF0IjoxNjc3NDA5NjI5LCJqdGkiOiJlODY0ZDMwYzQ0ODQ0NjliYjg2MmQyZDljOWM0MTk1OSIsInVzZXJfaWQiOjF9.gMaYt8O7UITHWzHjF2Zo9Tp48UhNoEn-XP0FTFa-0SQ", "created_at": "2023-02-26T11:07:09.099Z", "expires_at": "2023-05-27T11:07:09Z"}}, {"model": "token_blacklist.outstandingtoken", "pk": 6, "fields": {"user": 1, "jti": "21664a99043444ce97339498cc615e35", "token": "eyJhbGciOiJIUzI1NiIsInR5cCI6IkpXVCJ9.eyJ0b2tlbl90eXBlIjoicmVmcmVzaCIsImV4cCI6MTY4NTE5MTc1OSwiaWF0IjoxNjc3NDE1NzU5LCJqdGkiOiIyMTY2NGE5OTA0MzQ0NGNlOTczMzk0OThjYzYxNWUzNSIsInVzZXJfaWQiOjF9.GUdJsoRBTr6OgISk8QkRz7Bb9PfABzV-r0-DfhAfuZY", "created_at": "2023-02-26T12:49:19.442Z", "expires_at": "2023-05-27T12:49:19Z"}}, {"model": "token_blacklist.outstandingtoken", "pk": 7, "fields": {"user": 2, "jti": "da96714dd346459f8abb99bef96a5975", "token": "eyJhbGciOiJIUzI1NiIsInR5cCI6IkpXVCJ9.eyJ0b2tlbl90eXBlIjoicmVmcmVzaCIsImV4cCI6MTY4NTIxMjYzNywiaWF0IjoxNjc3NDM2NjM3LCJqdGkiOiJkYTk2NzE0ZGQzNDY0NTlmOGFiYjk5YmVmOTZhNTk3NSIsInVzZXJfaWQiOjJ9.G-jSYGXXbkyth9LlaT0FSM9rwTSixKwgZmjvCceGre4", "created_at": "2023-02-26T18:37:17.733Z", "expires_at": "2023-05-27T18:37:17Z"}}, {"model": "token_blacklist.outstandingtoken", "pk": 8, "fields": {"user": 3, "jti": "3a7c0411910f49ba8d32b8e0fda0a68d", "token": "eyJhbGciOiJIUzI1NiIsInR5cCI6IkpXVCJ9.eyJ0b2tlbl90eXBlIjoicmVmcmVzaCIsImV4cCI6MTY4NTIxMzQ3MywiaWF0IjoxNjc3NDM3NDczLCJqdGkiOiIzYTdjMDQxMTkxMGY0OWJhOGQzMmI4ZTBmZGEwYTY4ZCIsInVzZXJfaWQiOjN9.UsTtrTF_kHEamLO6SfwISCOKS_UglZ27SqZFpfcRFqo", "created_at": "2023-02-26T18:51:13.074Z", "expires_at": "2023-05-27T18:51:13Z"}}, {"model": "token_blacklist.outstandingtoken", "pk": 9, "fields": {"user": 2, "jti": "6696d28490854a4eb421ffc5e063816c", "token": "eyJhbGciOiJIUzI1NiIsInR5cCI6IkpXVCJ9.eyJ0b2tlbl90eXBlIjoicmVmcmVzaCIsImV4cCI6MTY4NTIxMzc4MCwiaWF0IjoxNjc3NDM3NzgwLCJqdGkiOiI2Njk2ZDI4NDkwODU0YTRlYjQyMWZmYzVlMDYzODE2YyIsInVzZXJfaWQiOjJ9.-sPr6YaVSuAZ-jOw7vWSOnFedOhCIoVeKpb4At_4JLk", "created_at": "2023-02-26T18:56:20.483Z", "expires_at": "2023-05-27T18:56:20Z"}}, {"model": "token_blacklist.outstandingtoken", "pk": 10, "fields": {"user": 4, "jti": "81a276ab69524778b515ce94b5103eca", "token": "eyJhbGciOiJIUzI1NiIsInR5cCI6IkpXVCJ9.eyJ0b2tlbl90eXBlIjoicmVmcmVzaCIsImV4cCI6MTY4NTIxMzkwNywiaWF0IjoxNjc3NDM3OTA3LCJqdGkiOiI4MWEyNzZhYjY5NTI0Nzc4YjUxNWNlOTRiNTEwM2VjYSIsInVzZXJfaWQiOjR9.IF2v_vRMDgdK94QFiPsOPvig3AIQHN_pFkXNt1u-eKg", "created_at": "2023-02-26T18:58:27.588Z", "expires_at": "2023-05-27T18:58:27Z"}}, {"model": "token_blacklist.outstandingtoken", "pk": 11, "fields": {"user": 5, "jti": "23f1896c447a47dda7ccddc140d1a533", "token": "eyJhbGciOiJIUzI1NiIsInR5cCI6IkpXVCJ9.eyJ0b2tlbl90eXBlIjoicmVmcmVzaCIsImV4cCI6MTY4NTIxNDIwOSwiaWF0IjoxNjc3NDM4MjA5LCJqdGkiOiIyM2YxODk2YzQ0N2E0N2RkYTdjY2RkYzE0MGQxYTUzMyIsInVzZXJfaWQiOjV9.4Q3vuvIiGad-76msJO5BwKC29PGRDYjGsoMQIK1KdfY", "created_at": "2023-02-26T19:03:29.912Z", "expires_at": "2023-05-27T19:03:29Z"}}, {"model": "token_blacklist.outstandingtoken", "pk": 12, "fields": {"user": 1, "jti": "6b1cb0bb284e42f5bff6f2ad55ab404c", "token": "eyJhbGciOiJIUzI1NiIsInR5cCI6IkpXVCJ9.eyJ0b2tlbl90eXBlIjoicmVmcmVzaCIsImV4cCI6MTY4NTIxNDU5NiwiaWF0IjoxNjc3NDM4NTk2LCJqdGkiOiI2YjFjYjBiYjI4NGU0MmY1YmZmNmYyYWQ1NWFiNDA0YyIsInVzZXJfaWQiOjF9.StkdFycG7oQT_fr69aJXAcmn7UEkyUFXpAGOeBQQ254", "created_at": "2023-02-26T19:09:56.030Z", "expires_at": "2023-05-27T19:09:56Z"}}, {"model": "token_blacklist.outstandingtoken", "pk": 13, "fields": {"user": 5, "jti": "d039e61b6c134fb7a5d779e981cf3f3f", "token": "eyJhbGciOiJIUzI1NiIsInR5cCI6IkpXVCJ9.eyJ0b2tlbl90eXBlIjoicmVmcmVzaCIsImV4cCI6MTY4NTIxNDYxMywiaWF0IjoxNjc3NDM4NjEzLCJqdGkiOiJkMDM5ZTYxYjZjMTM0ZmI3YTVkNzc5ZTk4MWNmM2YzZiIsInVzZXJfaWQiOjV9.ThyFf2JoiIWSjEYRRPFkHybMEXpUQs4r7rG2bkxd5kk", "created_at": "2023-02-26T19:10:13.790Z", "expires_at": "2023-05-27T19:10:13Z"}}, {"model": "token_blacklist.outstandingtoken", "pk": 14, "fields": {"user": 1, "jti": "011b7e472f8548e398dff2e2eb529798", "token": "eyJhbGciOiJIUzI1NiIsInR5cCI6IkpXVCJ9.eyJ0b2tlbl90eXBlIjoicmVmcmVzaCIsImV4cCI6MTY4NTIxNDY1NSwiaWF0IjoxNjc3NDM4NjU1LCJqdGkiOiIwMTFiN2U0NzJmODU0OGUzOThkZmYyZTJlYjUyOTc5OCIsInVzZXJfaWQiOjF9.VblMxKGqUAluDXLLQty3ws3PgTz0a7x9PjgqzfwzXec", "created_at": "2023-02-26T19:10:55.362Z", "expires_at": "2023-05-27T19:10:55Z"}}, {"model": "token_blacklist.outstandingtoken", "pk": 15, "fields": {"user": 1, "jti": "90dfa1e04a1b48d4ac023a044f79576f", "token": "eyJhbGciOiJIUzI1NiIsInR5cCI6IkpXVCJ9.eyJ0b2tlbl90eXBlIjoicmVmcmVzaCIsImV4cCI6MTY4NTI2ODczNSwiaWF0IjoxNjc3NDkyNzM1LCJqdGkiOiI5MGRmYTFlMDRhMWI0OGQ0YWMwMjNhMDQ0Zjc5NTc2ZiIsInVzZXJfaWQiOjF9.LtEDI8otT-v1ggPcHXsZUEVgHTmaQ0VTX6GZYNvwqec", "created_at": "2023-02-27T10:12:15.025Z", "expires_at": "2023-05-28T10:12:15Z"}}, {"model": "token_blacklist.outstandingtoken", "pk": 16, "fields": {"user": 1, "jti": "3f7d5e27a80041b68f23713b77855ef9", "token": "eyJhbGciOiJIUzI1NiIsInR5cCI6IkpXVCJ9.eyJ0b2tlbl90eXBlIjoicmVmcmVzaCIsImV4cCI6MTY4NTI3MjkyNiwiaWF0IjoxNjc3NDk2OTI2LCJqdGkiOiIzZjdkNWUyN2E4MDA0MWI2OGYyMzcxM2I3Nzg1NWVmOSIsInVzZXJfaWQiOjF9.pGg7hOBZ7PP8IlhkFZyOUrZKbu_Zck1PyJWQdIcEh2o", "created_at": "2023-02-27T11:22:06.901Z", "expires_at": "2023-05-28T11:22:06Z"}}, {"model": "token_blacklist.outstandingtoken", "pk": 17, "fields": {"user": 1, "jti": "502ff1cfa5ae430399f9aae59cf102a7", "token": "eyJhbGciOiJIUzI1NiIsInR5cCI6IkpXVCJ9.eyJ0b2tlbl90eXBlIjoicmVmcmVzaCIsImV4cCI6MTY4NTI3MjkyOSwiaWF0IjoxNjc3NDk2OTI5LCJqdGkiOiI1MDJmZjFjZmE1YWU0MzAzOTlmOWFhZTU5Y2YxMDJhNyIsInVzZXJfaWQiOjF9.zHrwriv7jtT-Vo797vlsTCYsu4gKVeSoIVbFYllpBAI", "created_at": "2023-02-27T11:22:09.791Z", "expires_at": "2023-05-28T11:22:09Z"}}, {"model": "token_blacklist.outstandingtoken", "pk": 18, "fields": {"user": 1, "jti": "3575e85bbe43405189253947d84d500f", "token": "eyJhbGciOiJIUzI1NiIsInR5cCI6IkpXVCJ9.eyJ0b2tlbl90eXBlIjoicmVmcmVzaCIsImV4cCI6MTY4NTI3MzkzNywiaWF0IjoxNjc3NDk3OTM3LCJqdGkiOiIzNTc1ZTg1YmJlNDM0MDUxODkyNTM5NDdkODRkNTAwZiIsInVzZXJfaWQiOjF9.8vbUTnGS0L6HdmsWcHvCtCFqFJT6uJxO29xe5lfxmBU", "created_at": "2023-02-27T11:38:57.888Z", "expires_at": "2023-05-28T11:38:57Z"}}, {"model": "token_blacklist.outstandingtoken", "pk": 19, "fields": {"user": 1, "jti": "77f8a930080c4dc3ab7c0f758ff6f20c", "token": "eyJhbGciOiJIUzI1NiIsInR5cCI6IkpXVCJ9.eyJ0b2tlbl90eXBlIjoicmVmcmVzaCIsImV4cCI6MTY4NTI3NDUyMiwiaWF0IjoxNjc3NDk4NTIyLCJqdGkiOiI3N2Y4YTkzMDA4MGM0ZGMzYWI3YzBmNzU4ZmY2ZjIwYyIsInVzZXJfaWQiOjF9.JBWHHXuiufMr2FVAbImLl10KWDN24WorKLayy7xR0Ys", "created_at": "2023-02-27T11:48:42.611Z", "expires_at": "2023-05-28T11:48:42Z"}}, {"model": "token_blacklist.outstandingtoken", "pk": 20, "fields": {"user": 1, "jti": "0427c304ed6d4853a6e23c57ae295c9c", "token": "eyJhbGciOiJIUzI1NiIsInR5cCI6IkpXVCJ9.eyJ0b2tlbl90eXBlIjoicmVmcmVzaCIsImV4cCI6MTY4NTI3NDc2NCwiaWF0IjoxNjc3NDk4NzY0LCJqdGkiOiIwNDI3YzMwNGVkNmQ0ODUzYTZlMjNjNTdhZTI5NWM5YyIsInVzZXJfaWQiOjF9.k5WeTYbKsSU9ejJHz8CaGvTnSQwBUun4QpU-WL5YVk4", "created_at": "2023-02-27T11:52:44.095Z", "expires_at": "2023-05-28T11:52:44Z"}}, {"model": "token_blacklist.outstandingtoken", "pk": 21, "fields": {"user": 2, "jti": "bc4f6c490da44c5f8ea962a51654d113", "token": "eyJhbGciOiJIUzI1NiIsInR5cCI6IkpXVCJ9.eyJ0b2tlbl90eXBlIjoicmVmcmVzaCIsImV4cCI6MTY4NTI3NDc4MywiaWF0IjoxNjc3NDk4NzgzLCJqdGkiOiJiYzRmNmM0OTBkYTQ0YzVmOGVhOTYyYTUxNjU0ZDExMyIsInVzZXJfaWQiOjJ9.6Q40GO1j6HPjJHdcfITatQooIvI68PCtc5wjeynV-S4", "created_at": "2023-02-27T11:53:03.285Z", "expires_at": "2023-05-28T11:53:03Z"}}, {"model": "token_blacklist.outstandingtoken", "pk": 22, "fields": {"user": 2, "jti": "a8559b4eb9a84f54a45a987fda7105fa", "token": "eyJhbGciOiJIUzI1NiIsInR5cCI6IkpXVCJ9.eyJ0b2tlbl90eXBlIjoicmVmcmVzaCIsImV4cCI6MTY4NTI3NTA3NywiaWF0IjoxNjc3NDk5MDc3LCJqdGkiOiJhODU1OWI0ZWI5YTg0ZjU0YTQ1YTk4N2ZkYTcxMDVmYSIsInVzZXJfaWQiOjJ9.ecFQfKp7bGMFaey-8m2fMeWNkh17DITkJzYJuBTgcvE", "created_at": "2023-02-27T11:57:57.085Z", "expires_at": "2023-05-28T11:57:57Z"}}, {"model": "token_blacklist.outstandingtoken", "pk": 23, "fields": {"user": 2, "jti": "658853d212c24e0aaef9d28bfdb80e0c", "token": "eyJhbGciOiJIUzI1NiIsInR5cCI6IkpXVCJ9.eyJ0b2tlbl90eXBlIjoicmVmcmVzaCIsImV4cCI6MTY4NTI3NTA3OSwiaWF0IjoxNjc3NDk5MDc5LCJqdGkiOiI2NTg4NTNkMjEyYzI0ZTBhYWVmOWQyOGJmZGI4MGUwYyIsInVzZXJfaWQiOjJ9.tNU52kNzSz7QknJmT-uRZpB_s6p6FOHmiHPHTkmIXf4", "created_at": "2023-02-27T11:57:59.890Z", "expires_at": "2023-05-28T11:57:59Z"}}, {"model": "token_blacklist.outstandingtoken", "pk": 24, "fields": {"user": 2, "jti": "6befc20af77a432fafd896cc59570c7b", "token": "eyJhbGciOiJIUzI1NiIsInR5cCI6IkpXVCJ9.eyJ0b2tlbl90eXBlIjoicmVmcmVzaCIsImV4cCI6MTY4NTI3NTI1NywiaWF0IjoxNjc3NDk5MjU3LCJqdGkiOiI2YmVmYzIwYWY3N2E0MzJmYWZkODk2Y2M1OTU3MGM3YiIsInVzZXJfaWQiOjJ9.OIxviJsQqqLChl7zvQp_4ULU7xy36cDGmabHvSpP2cs", "created_at": "2023-02-27T12:00:57.789Z", "expires_at": "2023-05-28T12:00:57Z"}}, {"model": "token_blacklist.outstandingtoken", "pk": 25, "fields": {"user": 2, "jti": "083181d99ea74843b9bab27867ebe0ae", "token": "eyJhbGciOiJIUzI1NiIsInR5cCI6IkpXVCJ9.eyJ0b2tlbl90eXBlIjoicmVmcmVzaCIsImV4cCI6MTY4NTI3NTI2MCwiaWF0IjoxNjc3NDk5MjYwLCJqdGkiOiIwODMxODFkOTllYTc0ODQzYjliYWIyNzg2N2ViZTBhZSIsInVzZXJfaWQiOjJ9.VJ3YNdNZHSFZzJLvmrwDwsJxcjD2xG5HlC0FvDCc5_k", "created_at": "2023-02-27T12:01:00.497Z", "expires_at": "2023-05-28T12:01:00Z"}}, {"model": "token_blacklist.outstandingtoken", "pk": 26, "fields": {"user": 1, "jti": "e56acc1291ea4b8a89d5d60005be6328", "token": "eyJhbGciOiJIUzI1NiIsInR5cCI6IkpXVCJ9.eyJ0b2tlbl90eXBlIjoicmVmcmVzaCIsImV4cCI6MTY4NTI3NTUyOSwiaWF0IjoxNjc3NDk5NTI5LCJqdGkiOiJlNTZhY2MxMjkxZWE0YjhhODlkNWQ2MDAwNWJlNjMyOCIsInVzZXJfaWQiOjF9.ReYTHjvD5BN5mGDsITxt25tUSl8PYlYmE1S5rdC-gYU", "created_at": "2023-02-27T12:05:29.587Z", "expires_at": "2023-05-28T12:05:29Z"}}, {"model": "token_blacklist.outstandingtoken", "pk": 27, "fields": {"user": 1, "jti": "24ce16290cdf42189e64bb03f98d4e66", "token": "eyJhbGciOiJIUzI1NiIsInR5cCI6IkpXVCJ9.eyJ0b2tlbl90eXBlIjoicmVmcmVzaCIsImV4cCI6MTY4NTI3NjQxMCwiaWF0IjoxNjc3NTAwNDEwLCJqdGkiOiIyNGNlMTYyOTBjZGY0MjE4OWU2NGJiMDNmOThkNGU2NiIsInVzZXJfaWQiOjF9.EZJ63yb-mvJyxxvUTVuJnVexvQZBTCWZ16BuyJj6lJc", "created_at": "2023-02-27T12:20:10.297Z", "expires_at": "2023-05-28T12:20:10Z"}}, {"model": "token_blacklist.outstandingtoken", "pk": 28, "fields": {"user": 1, "jti": "05b38a692a21416a826d35d2535aa05e", "token": "eyJhbGciOiJIUzI1NiIsInR5cCI6IkpXVCJ9.eyJ0b2tlbl90eXBlIjoicmVmcmVzaCIsImV4cCI6MTY4NTI4MDc0MiwiaWF0IjoxNjc3NTA0NzQyLCJqdGkiOiIwNWIzOGE2OTJhMjE0MTZhODI2ZDM1ZDI1MzVhYTA1ZSIsInVzZXJfaWQiOjF9.KCG2ehWMcprxt04mpNUBALrwzv7JI-i0Owtic_iB8Rs", "created_at": "2023-02-27T13:32:22.812Z", "expires_at": "2023-05-28T13:32:22Z"}}, {"model": "token_blacklist.outstandingtoken", "pk": 29, "fields": {"user": 1, "jti": "aea70986ba9b4878af93ba0c95d80058", "token": "eyJhbGciOiJIUzI1NiIsInR5cCI6IkpXVCJ9.eyJ0b2tlbl90eXBlIjoicmVmcmVzaCIsImV4cCI6MTY4NTI4MDc1MCwiaWF0IjoxNjc3NTA0NzUwLCJqdGkiOiJhZWE3MDk4NmJhOWI0ODc4YWY5M2JhMGM5NWQ4MDA1OCIsInVzZXJfaWQiOjF9.IcqNxCIQVuxY49rEG4NHHd_zZ3MOJvwmq1A4q_QC5sY", "created_at": "2023-02-27T13:32:30.206Z", "expires_at": "2023-05-28T13:32:30Z"}}, {"model": "token_blacklist.outstandingtoken", "pk": 30, "fields": {"user": 1, "jti": "5d5d41d2cc294aafaa9d1adf996e8e84", "token": "eyJhbGciOiJIUzI1NiIsInR5cCI6IkpXVCJ9.eyJ0b2tlbl90eXBlIjoicmVmcmVzaCIsImV4cCI6MTY4NTI4MDc1MywiaWF0IjoxNjc3NTA0NzUzLCJqdGkiOiI1ZDVkNDFkMmNjMjk0YWFmYWE5ZDFhZGY5OTZlOGU4NCIsInVzZXJfaWQiOjF9.F6-a-_CG6RiVgCsXHnjt9SS3W9yGO2zY0I5lAKKdzDs", "created_at": "2023-02-27T13:32:33.010Z", "expires_at": "2023-05-28T13:32:33Z"}}, {"model": "token_blacklist.outstandingtoken", "pk": 31, "fields": {"user": 1, "jti": "d5b61b2b9e2843efa95975e95266f1ca", "token": "eyJhbGciOiJIUzI1NiIsInR5cCI6IkpXVCJ9.eyJ0b2tlbl90eXBlIjoicmVmcmVzaCIsImV4cCI6MTY4NTI4MDc1NSwiaWF0IjoxNjc3NTA0NzU1LCJqdGkiOiJkNWI2MWIyYjllMjg0M2VmYTk1OTc1ZTk1MjY2ZjFjYSIsInVzZXJfaWQiOjF9.UF8NFNiPPTjd41AeS8-w81LWRDTOlu6IQ_E6bDZV7bE", "created_at": "2023-02-27T13:32:35.904Z", "expires_at": "2023-05-28T13:32:35Z"}}, {"model": "token_blacklist.outstandingtoken", "pk": 32, "fields": {"user": 1, "jti": "6d999418f92042b58302e4dd68ea57ad", "token": "eyJhbGciOiJIUzI1NiIsInR5cCI6IkpXVCJ9.eyJ0b2tlbl90eXBlIjoicmVmcmVzaCIsImV4cCI6MTY4NTI4MDc2MiwiaWF0IjoxNjc3NTA0NzYyLCJqdGkiOiI2ZDk5OTQxOGY5MjA0MmI1ODMwMmU0ZGQ2OGVhNTdhZCIsInVzZXJfaWQiOjF9.UJOpRUuczNh_TXdGHkSQQyz1WsWeEr1GLbVYN02nKf4", "created_at": "2023-02-27T13:32:42.402Z", "expires_at": "2023-05-28T13:32:42Z"}}, {"model": "token_blacklist.outstandingtoken", "pk": 33, "fields": {"user": null, "jti": "5ba09fcaf8ef404ab3f4e238b73e0e83", "token": "eyJhbGciOiJIUzI1NiIsInR5cCI6IkpXVCJ9.eyJ0b2tlbl90eXBlIjoicmVmcmVzaCIsImV4cCI6MTY4NTI5NzE1NCwiaWF0IjoxNjc3NTIxMTU0LCJqdGkiOiI1YmEwOWZjYWY4ZWY0MDRhYjNmNGUyMzhiNzNlMGU4MyIsInVzZXJfaWQiOjZ9.EurlW-tAyX6ZpJATbQdsvwWm-0ZAh6JPUBErxhmfqBo", "created_at": "2023-02-27T18:05:54.804Z", "expires_at": "2023-05-28T18:05:54Z"}}, {"model": "token_blacklist.outstandingtoken", "pk": 34, "fields": {"user": null, "jti": "7c88c7fb8e0c4cd1b8ee2abd7caaac5f", "token": "eyJhbGciOiJIUzI1NiIsInR5cCI6IkpXVCJ9.eyJ0b2tlbl90eXBlIjoicmVmcmVzaCIsImV4cCI6MTY4NTI5NzE1NywiaWF0IjoxNjc3NTIxMTU3LCJqdGkiOiI3Yzg4YzdmYjhlMGM0Y2QxYjhlZTJhYmQ3Y2FhYWM1ZiIsInVzZXJfaWQiOjZ9.mJgiWMyv_7QQ4N6D41kVk6Dny6jJcYWQan8_WOmwT54", "created_at": "2023-02-27T18:05:57.599Z", "expires_at": "2023-05-28T18:05:57Z"}}, {"model": "token_blacklist.outstandingtoken", "pk": 35, "fields": {"user": 1, "jti": "91315216d3b64fd39b0e6a3c3be4d4ea", "token": "eyJhbGciOiJIUzI1NiIsInR5cCI6IkpXVCJ9.eyJ0b2tlbl90eXBlIjoicmVmcmVzaCIsImV4cCI6MTY4NTgyNTY1NSwiaWF0IjoxNjc4MDQ5NjU1LCJqdGkiOiI5MTMxNTIxNmQzYjY0ZmQzOWIwZTZhM2MzYmU0ZDRlYSIsInVzZXJfaWQiOjF9.Vf0MNDFRbTO1cdB3b5F4OuU5HXtL94uAAzSj1ODugeA", "created_at": "2023-03-05T20:54:15.646Z", "expires_at": "2023-06-03T20:54:15Z"}}, {"model": "token_blacklist.outstandingtoken", "pk": 36, "fields": {"user": 1, "jti": "c95f94c7309f47859faea755ab5a9049", "token": "eyJhbGciOiJIUzI1NiIsInR5cCI6IkpXVCJ9.eyJ0b2tlbl90eXBlIjoicmVmcmVzaCIsImV4cCI6MTY4NTgzMTY0NiwiaWF0IjoxNjc4MDU1NjQ2LCJqdGkiOiJjOTVmOTRjNzMwOWY0Nzg1OWZhZWE3NTVhYjVhOTA0OSIsInVzZXJfaWQiOjF9.9qGFEtQFwzrSyB7MhDzJ-VK8rsk-rpKtVWkPI0Q_eYg", "created_at": "2023-03-05T22:34:06.334Z", "expires_at": "2023-06-03T22:34:06Z"}}, {"model": "token_blacklist.outstandingtoken", "pk": 37, "fields": {"user": 1, "jti": "f008c714de62409a85c58a646df9ba4c", "token": "eyJhbGciOiJIUzI1NiIsInR5cCI6IkpXVCJ9.eyJ0b2tlbl90eXBlIjoicmVmcmVzaCIsImV4cCI6MTY4NTgzMjA1MywiaWF0IjoxNjc4MDU2MDUzLCJqdGkiOiJmMDA4YzcxNGRlNjI0MDlhODVjNThhNjQ2ZGY5YmE0YyIsInVzZXJfaWQiOjF9.ipBUTONErGdSFicMUfabF0I4uLTZg48Xr8BZ7JY9ru8", "created_at": "2023-03-05T22:40:53.747Z", "expires_at": "2023-06-03T22:40:53Z"}}, {"model": "token_blacklist.outstandingtoken", "pk": 38, "fields": {"user": 1, "jti": "d6130d803b5146c58edec70992e026e7", "token": "eyJhbGciOiJIUzI1NiIsInR5cCI6IkpXVCJ9.eyJ0b2tlbl90eXBlIjoicmVmcmVzaCIsImV4cCI6MTY4NTgzMjg0MSwiaWF0IjoxNjc4MDU2ODQxLCJqdGkiOiJkNjEzMGQ4MDNiNTE0NmM1OGVkZWM3MDk5MmUwMjZlNyIsInVzZXJfaWQiOjF9.885oLP816tNYl92MAa7AEqx6NOEGl47jSm9TxpeQd7Q", "created_at": "2023-03-05T22:54:01.675Z", "expires_at": "2023-06-03T22:54:01Z"}}, {"model": "product.product", "pk": 1, "fields": {"product_name": "Sleek Bracelet", "description": "Add a touch of sophistication to your wrist with this stylish bracelet. The sleek, minimalist design is perfect for both casual and formal occasions, while the high quality materials ensure durability and longevity.", "price": "15.00", "picture": "Screenshot_1.png", "time_created": "2023-02-25T20:37:46.941Z", "category": 1}}, {"model": "product.product", "pk": 2, "fields": {"product_name": "Intricate Design Necklace", "description": "Elevate your look with this stunning necklace. The intricate design and expert craftsmanship create a luxurious feel that is sure to turn heads. Perfect for both casual and formal occasions, this necklace is a must have for any fashion forward man.", "price": "40.00", "picture": "Screenshot_2.png", "time_created": "2023-02-25T20:39:31.800Z", "category": 1}}, {"model": "product.product", "pk": 3, "fields": {"product_name": "Masculine Ring", "description": "Make a statement with this bold and masculine ring. The intricate design and expert craftsmanship create a powerful and luxurious look that is sure to impress.", "price": "20.00", "picture": "Screenshot_3.png", "time_created": "2023-02-25T20:40:32.904Z", "category": 1}}, {"model": "product.product", "pk": 4, "fields": {"product_name": "Classic Bracelet", "description": "This classic bracelet is the perfect accessory for any stylish man. The timeless design features high quality materials and expert craftsmanship, ensuring a durable and stylish piece that will stand the test of time.", "price": "35.00", "picture": "Screenshot_4.png", "time_created": "2023-02-25T20:41:38.209Z", "category": 1}}, {"model": "product.product", "pk": 5, "fields": {"product_name": "Edgy Bracelet", "description": "Make a statement with this bold and edgy bracelet. Crafted from durable materials, the unique design features a combination of textures and finishes that create an unforgettable look.", "price": "25.00", "picture": "Screenshot_5.png", "time_created": "2023-02-25T20:42:40.590Z", "category": 1}}, {"model": "product.product", "pk": 6, "fields": {"product_name": "Chunky Chain Necklace", "description": "Make a statement with this eye catching necklace. The bold, chunky chain is crafted from high quality materials, ensuring durability and style.", "price": "25.00", "picture": "Screenshot_6.png", "time_created": "2023-02-25T20:47:35.819Z", "category": 1}}, {"model": "product.product", "pk": 7, "fields": {"product_name": "Steel Pendant Necklace", "description": "The perfect blend of elegance and masculinity, this necklace features a sleek stainless steel chain adorned with a striking pendant. The unique design adds a touch of sophistication to any outfit, making it an essential piece for any fashion savvy man.", "price": "35.00", "picture": "Screenshot_7.png", "time_created": "2023-02-25T20:48:27.293Z", "category": 1}}, {"model": "product.product", "pk": 8, "fields": {"product_name": "Textured Ring", "description": "Elevate your look with this stunning ring. The unique design features a combination of textures and finishes that create a one of a kind piece. Crafted from high quality materials, this ring is the perfect addition to any stylish mans collection.", "price": "15.00", "picture": "Screenshot_8.png", "time_created": "2023-02-25T20:51:03.005Z", "category": 1}}, {"model": "product.product", "pk": 9, "fields": {"product_name": "Modern Ring", "description": "This sleek and modern ring is the perfect accessory for any fashion forward man. The simple, yet sophisticated design is crafted from high quality materials, ensuring both style and durability.", "price": "25.00", "picture": "Screenshot_9.png", "time_created": "2023-02-25T20:54:27.658Z", "category": 1}}, {"model": "product.product", "pk": 10, "fields": {"product_name": "Golden Glamour Necklace", "description": "Add a touch of luxury to your look with this stunning golden necklace. The intricate design and expert craftsmanship create a look that is both sophisticated and glamorous.", "price": "50.00", "picture": "Screenshot_10.png", "time_created": "2023-02-25T20:58:47.062Z", "category": 1}}, {"model": "product.product", "pk": 11, "fields": {"product_name": "Figaro Chain Necklace", "description": "The Figaro chain necklace is a classic style that has been popular for decades. This simple yet elegant necklace features a series of small, flat links that alternate with larger, round links.", "price": "20.00", "picture": "Screenshot_11.png", "time_created": "2023-02-25T21:03:05.043Z", "category": 1}}, {"model": "product.product", "pk": 13, "fields": {"product_name": "Stainless Steel Chain Necklace", "description": "This classic mens necklace features a sleek and durable stainless steel chain that adds a touch of sophistication to any outfit. Perfect for both casual and formal occasions, this timeless piece is a must have for any mans jewelry collection.", "price": "25.00", "picture": "Screenshot_12.png", "time_created": "2023-02-25T21:12:13.325Z", "category": 1}}, {"model": "product.product", "pk": 14, "fields": {"product_name": "Minimalist Wallet", "description": "Simplify your life with this sleek and stylish minimalist wallet. Crafted from high quality materials, this slim design allows you to carry all your essentials without the bulk.", "price": "15.00", "picture": "Screenshot_1_PZLd5PW.png", "time_created": "2023-02-25T21:19:37.227Z", "category": 2}}, {"model": "product.product", "pk": 15, "fields": {"product_name": "Leather Bifold Wallet", "description": "This classic bifold wallet is a timeless accessory that every man needs. Crafted from premium leather, this sleek design has ample space for all your essentials.", "price": "30.00", "picture": "Screenshot_2_bmUI6mZ.png", "time_created": "2023-02-25T21:20:42.613Z", "category": 2}}, {"model": "product.product", "pk": 16, "fields": {"product_name": "Vintage Wallet", "description": "Add a touch of old world charm to your everyday routine with this vintage inspired wallet. The distressed leather and classic design create a timeless look that will never go out of style.", "price": "40.00", "picture": "Screenshot_3_mpI36ep.png", "time_created": "2023-02-25T21:21:18.373Z", "category": 2}}, {"model": "product.product", "pk": 17, "fields": {"product_name": "RFID Blocking Wallet", "description": "Keep your personal information safe and secure with this RFID blocking wallet. Crafted from high quality materials, this sleek design is perfect for those who value both style and security.", "price": "25.00", "picture": "Screenshot_4_66EzU9R.png", "time_created": "2023-02-25T21:22:04.440Z", "category": 2}}, {"model": "product.product", "pk": 18, "fields": {"product_name": "Slim Leather Wallet", "description": "This sleek and minimalist wallet is crafted from high quality leather for durability and style. Perfect for those who prefer a simple and sophisticated look.", "price": "40.00", "picture": "Screenshot_5_S66p0uG.png", "time_created": "2023-02-25T21:25:31.390Z", "category": 2}}, {"model": "product.product", "pk": 19, "fields": {"product_name": "Bifold Leather Wallet", "description": "This classic bifold leather wallet is perfect for the traditionalist. With ample card slots and a spacious bill compartment, this wallet is both practical and stylish.", "price": "35.00", "picture": "Screenshot_6_99SmqDb.png", "time_created": "2023-02-25T21:26:12.078Z", "category": 2}}, {"model": "product.product", "pk": 20, "fields": {"product_name": "Vintage Leather Wallet", "description": "Add a touch of old school charm to your everyday look with this vintage leather wallet. Crafted from premium materials, this wallet is both durable and stylish.", "price": "50.00", "picture": "Screenshot_7_RJbV39N.png", "time_created": "2023-02-25T21:27:50.923Z", "category": 2}}, {"model": "product.product", "pk": 21, "fields": {"product_name": "Money Clip Wallet", "description": "Say goodbye to bulky wallets with this sleek and minimalist money clip wallet. The perfect accessory for those who value simplicity and convenience.", "price": "30.00", "picture": "Screenshot_8_Dhlzhx8.png", "time_created": "2023-02-25T21:31:01.033Z", "category": 2}}, {"model": "product.product", "pk": 22, "fields": {"product_name": "Slim Card Holder Wallet", "description": "This slim card holder wallet is perfect for the minimalist man on the go. Crafted from high quality materials, this wallet features several card slots and a clear ID window, all while maintaining a slim profile that fits easily in any pocket.", "price": "25.00", "picture": "Screenshot_9_VAdAUUY.png", "time_created": "2023-02-25T21:33:17.474Z", "category": 2}}, {"model": "product.product", "pk": 23, "fields": {"product_name": "Vintage Leather Wallet", "description": "This vintage inspired leather wallet adds a touch of rugged sophistication to your everyday style. Crafted from high quality materials, this wallet features a classic design that never goes out of style.", "price": "35.00", "picture": "Screenshot_10_WVGf56W.png", "time_created": "2023-02-25T21:34:55.157Z", "category": 2}}, {"model": "product.product", "pk": 24, "fields": {"product_name": "Classic Leather Bifold Wallet", "description": "This classic bifold wallet is the perfect accessory for any stylish man. Crafted from high quality leather, this wallet features multiple card slots, a bill compartment, and a clear ID window.", "price": "20.00", "picture": "Screenshot_11_BrSGkjD.png", "time_created": "2023-02-25T21:39:54.246Z", "category": 2}}, {"model": "product.product", "pk": 25, "fields": {"product_name": "Slim Leather Card Holder", "description": "This slim and minimalist card holder is the perfect alternative to a bulky wallet. Crafted from premium leather, this card holder features multiple card slots and a clear ID window.", "price": "40.00", "picture": "Screenshot_12_puK8v0V.png", "time_created": "2023-02-25T21:41:29.513Z", "category": 2}}, {"model": "product.product", "pk": 26, "fields": {"product_name": "Midnight Blue Dress Watch", "description": "This elegant dress watch features a sophisticated midnight blue design that exudes refinement and style. The classic round face is complemented by a stainless steel band and minimalist hour markers.", "price": "50.00", "picture": "Screenshot_1_vtrdSuO.png", "time_created": "2023-02-25T21:53:17.921Z", "category": 3}}, {"model": "product.product", "pk": 27, "fields": {"product_name": "Classic Leather Strap Watch", "description": "This classic watch features a timeless design and premium materials that make it the perfect choice for any occasion. With a durable leather strap and a sleek metal case, this watch is both stylish and functional.", "price": "40.00", "picture": "Screenshot_2_MOK932H.png", "time_created": "2023-02-25T21:54:59.105Z", "category": 3}}, {"model": "product.product", "pk": 28, "fields": {"product_name": "Blackout Chronograph Watch", "description": "This sleek and stylish black watch features a bold and striking design with a chronograph display. With its durable metal construction and precise quartz movement, this watch is both reliable and functional.", "price": "55.00", "picture": "Screenshot_3_aFlNzBs.png", "time_created": "2023-02-25T21:56:33.539Z", "category": 3}}, {"model": "product.product", "pk": 29, "fields": {"product_name": "Sleek Silver Mesh Watch", "description": "This sleek and stylish silver watch features a unique mesh band that adds a touch of sophistication to any outfit. With its durable metal construction and precise quartz movement, this watch is both reliable and stylish.", "price": "70.00", "picture": "Screenshot_6_fI6jsEP.png", "time_created": "2023-02-25T21:57:56.970Z", "category": 3}}, {"model": "product.product", "pk": 30, "fields": {"product_name": "Blue Dial Dress Watch", "description": "This stylish dress watch features a bold blue dial that adds a touch of sophistication to any outfit. With its durable metal construction and reliable quartz movement, this watch is the perfect blend of style and function.", "price": "55.00", "picture": "Screenshot_4_Hl2pcLS.png", "time_created": "2023-02-25T21:59:34.537Z", "category": 3}}, {"model": "product.product", "pk": 31, "fields": {"product_name": "Modern Black Mesh Watch", "description": "This modern black mesh watch features a sleek and stylish design that is perfect for any occasion. The black dial is accented by silver tone hands and markers, while the mesh band adds a touch of sophistication to the overall look.", "price": "45.00", "picture": "Screenshot_5_k6KZ4Fn.png", "time_created": "2023-02-25T22:00:44.581Z", "category": 3}}, {"model": "product.product", "pk": 32, "fields": {"product_name": "Bold Black Dial Watch", "description": "This bold watch features a black dial and a gold tone case and band, creating a striking and stylish look that is sure to turn heads. The chronograph display adds an element of functionality.", "price": "65.00", "picture": "Screenshot_7_L6EVDS3.png", "time_created": "2023-02-25T22:03:10.819Z", "category": 3}}, {"model": "product.product", "pk": 33, "fields": {"product_name": "Black and Gold Tone Chronograph", "description": "This stylish watch features a black and gold tone design with a bold chronograph display. The black dial is accented by gold tone hands and markers, while the durable construction ensures that it can withstand daily wear and tear.", "price": "50.00", "picture": "Screenshot_8_XQoFXeV.png", "time_created": "2023-02-25T22:04:17.351Z", "category": 3}}, {"model": "product.product", "pk": 34, "fields": {"product_name": "Classic Gold Tone Leather Watch", "description": "This classic watch features a gold tone case and a sleek leather band, creating a timeless look that never goes out of style. The black dial is accented by gold tone hands and markers, while the date display adds an element of practicality.", "price": "65.00", "picture": "Screenshot_10_DTkmZ5n.png", "time_created": "2023-02-25T22:06:24.437Z", "category": 3}}, {"model": "product.product", "pk": 35, "fields": {"product_name": "Elegant Gold Tone Mesh Watch", "description": "This elegant watch features a gold tone mesh band and case, creating a luxurious look that is perfect for any occasion. The black dial is accented by gold tone hands and markers, creating a sophisticated and stylish look.", "price": "75.00", "picture": "Screenshot_9_eYMfduA.png", "time_created": "2023-02-25T22:07:09.552Z", "category": 3}}, {"model": "product.product", "pk": 36, "fields": {"product_name": "Vintage Leather Strap Watch", "description": "This vintage inspired watch features a distressed leather strap and a classic design that harks back to a bygone era. The white dial is accented by black hands and markers, creating a timeless and sophisticated look.", "price": "45.00", "picture": "Screenshot_11_gsUSwij.png", "time_created": "2023-02-25T22:09:42.154Z", "category": 3}}, {"model": "product.product", "pk": 37, "fields": {"product_name": "Luxury Black Bold Watch", "description": "This bold watch features a black dial and a sleek metal band, creating a modern and sophisticated look that is perfect for any occasion. The silver tone hands and markers contrast with the black dial, creating a striking and stylish look.", "price": "45.00", "picture": "Screenshot_12_d9ADg0M.png", "time_created": "2023-02-25T22:11:52.317Z", "category": 3}}, {"model": "product.product", "pk": 38, "fields": {"product_name": "Classic Noir", "description": "This sleek and stylish black bag is perfect for any occasion. With its classic design and durable construction, its sure to become your go to accessory.", "price": "45.00", "picture": "Screenshot_1_a3lBEdn.png", "time_created": "2023-02-25T23:22:23.340Z", "category": 4}}, {"model": "product.product", "pk": 39, "fields": {"product_name": "Midnight Magic", "description": "This enchanting black bag is sure to turn heads. With its shimmering finish and spacious interior, its the perfect accessory for any glamorous night out.", "price": "25.00", "picture": "Screenshot_2_MclT4S3.png", "time_created": "2023-02-25T23:23:05.752Z", "category": 4}}, {"model": "product.product", "pk": 41, "fields": {"product_name": "Midnight Voyager", "description": "A sleek black backpack thats perfect for any adventure. With multiple compartments and a durable construction, this bag is perfect for the modern man on the go.", "price": "30.00", "picture": "Screenshot_3_4N5wUyo.png", "time_created": "2023-02-25T23:27:57.480Z", "category": 4}}, {"model": "product.product", "pk": 42, "fields": {"product_name": "Stealth Messenger", "description": "A stylish and practical messenger bag thats perfect for everyday use. With a spacious interior and a sleek black design, this bag is perfect for work or play.", "price": "20.00", "picture": "Screenshot_4_oBIdEpy.png", "time_created": "2023-02-25T23:28:43.331Z", "category": 4}}, {"model": "product.product", "pk": 43, "fields": {"product_name": "Executive Briefcase", "description": "A sophisticated and stylish briefcase thats perfect for the modern businessman. With a sleek black design and a spacious interior, this bag is perfect for carrying your work essentials.", "price": "40.00", "picture": "Screenshot_5_L9BizM6.png", "time_created": "2023-02-25T23:29:38.091Z", "category": 4}}, {"model": "product.product", "pk": 44, "fields": {"product_name": "Urban Explorer", "description": "A rugged and durable backpack thats designed to handle anything you throw at it. With multiple pockets and a comfortable design, this bag is perfect for urban explorers and outdoor enthusiasts.", "price": "50.00", "picture": "Screenshot_6_6qEgsZA.png", "time_created": "2023-02-25T23:30:12.381Z", "category": 4}}, {"model": "product.product", "pk": 45, "fields": {"product_name": "Minimalist Tote", "description": "A simple and elegant tote bag thats perfect for carrying your essentials. With a minimalist design and a spacious interior, this bag is perfect for the stylish and practical man.", "price": "20.00", "picture": "Screenshot_7_3qALLrG.png", "time_created": "2023-02-25T23:31:05.221Z", "category": 4}}, {"model": "product.product", "pk": 47, "fields": {"product_name": "Weekend Getaway", "description": "A spacious and stylish weekend bag thats perfect for a quick getaway. With a durable construction and multiple pockets, this bag is perfect for the man who likes to travel light.", "price": "15.00", "picture": "Screenshot_8_JgPg128.png", "time_created": "2023-02-25T23:32:27.311Z", "category": 4}}, {"model": "product.product", "pk": 49, "fields": {"product_name": "Trendy Tote", "description": "A trendy and stylish tote bag thats perfect for the fashion conscious man. With a spacious interior and a sleek black design, this bag is perfect for carrying your essentials in style.", "price": "20.00", "picture": "Screenshot_9_UUQTXZt.png", "time_created": "2023-02-26T00:08:28.298Z", "category": 4}}, {"model": "product.product", "pk": 50, "fields": {"product_name": "Stylish Sling", "description": "A sleek and stylish sling bag thats perfect for everyday use. With a spacious interior and a comfortable design, this bag is perfect for the man who likes to travel light.", "price": "30.00", "picture": "Screenshot_10_o22TTzK.png", "time_created": "2023-02-26T00:09:10.264Z", "category": 4}}, {"model": "product.product", "pk": 51, "fields": {"product_name": "Classic Duffle", "description": "A classic and timeless duffle bag thats perfect for any occasion. With a durable construction and a spacious interior, this bag is perfect for the man who values style and functionality.", "price": "35.00", "picture": "Screenshot_11_eY67YMx.png", "time_created": "2023-02-26T00:10:05.404Z", "category": 4}}, {"model": "product.product", "pk": 52, "fields": {"product_name": "Fashionable Backpack", "description": "A fashionable and functional backpack that s perfect for the fashion conscious man. With a stylish design and a spacious interior, this bag is perfect for carrying your essentials in style.", "price": "40.00", "picture": "Screenshot_12_u7MfRMx.png", "time_created": "2023-02-26T00:11:27.337Z", "category": 4}}, {"model": "product.product", "pk": 53, "fields": {"product_name": "Bold Leather Cuff", "description": "A rugged and masculine bracelet thats perfect for the adventurous man. With a thick leather band and a sturdy clasp, this bracelet exudes strength and confidence.", "price": "30.00", "picture": "Screenshot_13.png", "time_created": "2023-02-26T11:20:14.498Z", "category": 1}}, {"model": "product.product", "pk": 54, "fields": {"product_name": "Sleek Silver Chain", "description": "A sleek and modern bracelet thats perfect for the stylish man. With a silver chain and a minimalist design, this bracelet is both elegant and understated.", "price": "25.00", "picture": "Screenshot_14.png", "time_created": "2023-02-26T11:21:00.521Z", "category": 1}}, {"model": "product.product", "pk": 55, "fields": {"product_name": "Sophisticated Silver Bangle", "description": "A sophisticated and elegant bangle thats perfect for dressing up any outfit. With a polished silver finish and a sleek design, this bracelet is perfect for the refined gentleman.", "price": "35.00", "picture": "Screenshot_15.png", "time_created": "2023-02-26T11:21:40.698Z", "category": 1}}, {"model": "product.product", "pk": 57, "fields": {"product_name": "Smooth Golden Cuff", "description": "A smooth and luxurious cuff thats perfect for adding a touch of glamour to any look. With a polished gold finish and a comfortable fit, this bracelet is perfect for the man who values style and comfort.", "price": "40.00", "picture": "Screenshot_16.png", "time_created": "2023-02-26T11:23:03.397Z", "category": 1}}, {"model": "product.product", "pk": 59, "fields": {"product_name": "Sharp Silver Band", "description": "A sharp and sleek ring thats perfect for the modern man. With a polished silver finish and a clean design, this ring is perfect for adding a touch of sophistication to any outfit.", "price": "13.00", "picture": "Screenshot_17.png", "time_created": "2023-02-26T11:25:14.308Z", "category": 1}}, {"model": "product.product", "pk": 60, "fields": {"product_name": "Classic Silver Ring", "description": "A classic and timeless ring thats perfect for any occasion. With a simple silver band and a comfortable fit, this ring is perfect for the man who values understated elegance.", "price": "15.00", "picture": "Screenshot_18.png", "time_created": "2023-02-26T11:26:07.020Z", "category": 1}}, {"model": "product.product", "pk": 61, "fields": {"product_name": "Bold Black Ring", "description": "A bold and striking ring that's perfect for making a statement. With a black finish and a textured design, this ring is perfect for the man who isn't afraid to stand out.", "price": "18.00", "picture": "Screenshot_19.png", "time_created": "2023-02-26T11:38:13.123Z", "category": 1}}, {"model": "product.product", "pk": 63, "fields": {"product_name": "Golden Signet Ring", "description": "A big and bold signet ring that's perfect for the confident man. With a polished gold finish and a large face, this ring is perfect for making a statement and commanding attention.", "price": "27.00", "picture": "Screenshot_20.png", "time_created": "2023-02-26T11:58:31.433Z", "category": 1}}, {"model": "product.product", "pk": 64, "fields": {"product_name": "Loose Leather Necklace", "description": "A loose and casual leather necklace that's perfect for the laid-back man. With a simple design and a comfortable fit, this necklace is perfect for adding a touch of bohemian style to any look.", "price": "21.00", "picture": "Screenshot_21.png", "time_created": "2023-02-26T11:59:06.850Z", "category": 1}}, {"model": "product.product", "pk": 65, "fields": {"product_name": "Blue Stone Pendant", "description": "A stylish and sophisticated pendant necklace that's perfect for dressing up any outfit. With a blue stone pendant and a silver chain, this necklace is both elegant and understated.", "price": "30.00", "picture": "Screenshot_22.png", "time_created": "2023-02-26T11:59:28.132Z", "category": 1}}, {"model": "product.product", "pk": 66, "fields": {"product_name": "Golden Bar Necklace", "description": "A sleek and modern necklace that's perfect for the fashion-conscious man. With a polished gold bar and a minimalist design, this necklace is both stylish and versatile.", "price": "35.00", "picture": "Screenshot_23.png", "time_created": "2023-02-26T11:59:50.343Z", "category": 1}}, {"model": "product.product", "pk": 67, "fields": {"product_name": "Rounded Silver Pendant", "description": "A rounded silver pendant necklace with a black circle inside that's perfect for adding a touch of intrigue to any outfit. With a simple and elegant design, this necklace is perfect for the man who values subtlety and sophistication.", "price": "27.00", "picture": "Screenshot_24.png", "time_created": "2023-02-26T12:00:08.067Z", "category": 1}}, {"model": "product.product", "pk": 69, "fields": {"product_name": "Classic Brown Bifold", "description": "A classic brown bifold wallet that's perfect for the practical man. With a timeless design and plenty of compartments for cards and cash, this wallet is both stylish and functional.", "price": "25.00", "picture": "Screenshot_13_xDXcFBU.png", "time_created": "2023-02-26T12:07:38.224Z", "category": 2}}, {"model": "product.product", "pk": 70, "fields": {"product_name": "Sleek Rectangle Wallet", "description": "A sleek and modern rectangle wallet that's perfect for the fashion-conscious man. With a minimalist design and a slim profile, this wallet is perfect for the man on-the-go.", "price": "20.00", "picture": "Screenshot_14_dSDFazg.png", "time_created": "2023-02-26T12:08:30.387Z", "category": 2}}, {"model": "product.product", "pk": 71, "fields": {"product_name": "Light Blue Silver Trifold", "description": "A light blue trifold wallet with silver accents that's perfect for the stylish man. With a unique color and a compact design, this wallet is both trendy and practical.", "price": "23.00", "picture": "Screenshot_15_4TtLtQ2.png", "time_created": "2023-02-26T12:08:50.881Z", "category": 2}}, {"model": "product.product", "pk": 72, "fields": {"product_name": "Vintage Leather Wallet", "description": "A vintage leather wallet that's perfect for the man with a taste for the classics. With a distressed finish and a sturdy construction, this wallet is both stylish and durable.", "price": "29.00", "picture": "Screenshot_16_l8BsTYR.png", "time_created": "2023-02-26T12:09:12.726Z", "category": 2}}, {"model": "product.product", "pk": 73, "fields": {"product_name": "Sleek Black Leather Bifold", "description": "A sleek and stylish black leather bifold wallet that's perfect for the modern man. With a minimalist design and a sophisticated look, this wallet is perfect for the man who values quality and style.", "price": "26.00", "picture": "Screenshot_17_Jxji4dQ.png", "time_created": "2023-02-26T12:09:48.426Z", "category": 2}}, {"model": "product.product", "pk": 74, "fields": {"product_name": "Classic Black Bifold", "description": "A classic black bifold wallet that's perfect for the practical man. With a timeless design and a durable construction, this wallet is both functional and stylish.", "price": "19.00", "picture": "Screenshot_18_BESyyhL.png", "time_created": "2023-02-26T12:10:14.697Z", "category": 2}}, {"model": "product.product", "pk": 75, "fields": {"product_name": "Leather Card Holder", "description": "A leather card holder that's perfect for the minimalist man. With a slim profile and plenty of card slots, this wallet is perfect for the man who likes to keep things simple.", "price": "16.00", "picture": "Screenshot_19_RTDsuKq.png", "time_created": "2023-02-26T12:10:43.666Z", "category": 2}}, {"model": "product.product", "pk": 76, "fields": {"product_name": "Lightblue Wallet", "description": "A blue rectangle wallet that's perfect for adding a pop of color to any outfit. With a unique shape and a bold color, this wallet is perfect for the man who likes to stand out.", "price": "22.00", "picture": "Screenshot_20_4QlH5cH.png", "time_created": "2023-02-26T12:11:43.347Z", "category": 2}}, {"model": "product.product", "pk": 77, "fields": {"product_name": "Brown Leather Trifold", "description": "A brown leather trifold wallet that's perfect for the classic man. With a timeless design and a sturdy construction, this wallet is perfect for the man who values quality and style.", "price": "27.00", "picture": "Screenshot_21_Q5XF6QE.png", "time_created": "2023-02-26T12:12:01.113Z", "category": 2}}, {"model": "product.product", "pk": 78, "fields": {"product_name": "Brown Velvet Wallet", "description": "A brown velvet wallet that's perfect for the man who wants to add a touch of luxury to his everyday style. With a soft texture and a compact design, this wallet is both stylish and practical.", "price": "30.00", "picture": "Screenshot_22_9rB0xr7.png", "time_created": "2023-02-26T12:12:26.514Z", "category": 2}}, {"model": "product.product", "pk": 79, "fields": {"product_name": "Manly Black Wallet", "description": "A black wallet with a rugged and masculine design that's perfect for the adventurous man. With a sturdy construction and plenty of compartments for cards and cash, this wallet is both practical and stylish.", "price": "24.00", "picture": "Screenshot_23_uJhio2b.png", "time_created": "2023-02-26T12:12:48.768Z", "category": 2}}, {"model": "product.product", "pk": 80, "fields": {"product_name": "Classic Grey Bifold", "description": "A classic grey bifold wallet that's perfect for the understated man. With a simple design and a timeless color, this wallet is perfect for the man who values subtlety and sophistication.", "price": "21.00", "picture": "Screenshot_24_uqFmRfu.png", "time_created": "2023-02-26T12:13:08.592Z", "category": 2}}, {"model": "product.product", "pk": 81, "fields": {"product_name": "Classic Brown Watch", "description": "A classic brown leather watch with a white display that's perfect for the timeless man. With a minimalist design and a sleek profile, this watch is both sophisticated and versatile.", "price": "50.00", "picture": "Screenshot_13_Bc9KAQ6.png", "time_created": "2023-02-26T12:29:54.515Z", "category": 3}}, {"model": "product.product", "pk": 82, "fields": {"product_name": "Brown & Silver Chronograph", "description": "A brown leather watch with a silver chronograph display that's perfect for the modern man. With a bold design and a sturdy construction, this watch is both functional and stylish.", "price": "58.00", "picture": "Screenshot_14_u1WPI9E.png", "time_created": "2023-02-26T12:30:17.740Z", "category": 3}}, {"model": "product.product", "pk": 83, "fields": {"product_name": "Sleek Brown Watch", "description": "A sleek brown leather watch with a minimalist design that's perfect for the fashion-conscious man. With a slim profile and a sophisticated look, this watch is perfect for any occasion.", "price": "45.00", "picture": "Screenshot_15_NKJ7fij.png", "time_created": "2023-02-26T12:30:38.053Z", "category": 3}}, {"model": "product.product", "pk": 84, "fields": {"product_name": "Black & Gold Luxury Watch", "description": "A black leather watch with a gold display that's perfect for the man who likes to make a statement. With a bold design and a luxurious look, this watch is perfect for the man who values style and class.", "price": "63.00", "picture": "Screenshot_16_ZcuAc7i.png", "time_created": "2023-02-26T12:31:19.982Z", "category": 3}}, {"model": "product.product", "pk": 85, "fields": {"product_name": "Vintage Brown Leather Watch", "description": "A vintage brown leather watch that's perfect for the classic man. With a distressed finish and a timeless design, this watch is both stylish and practical.", "price": "55.00", "picture": "Screenshot_17_eoXpG1f.png", "time_created": "2023-02-26T12:31:52.732Z", "category": 3}}, {"model": "product.product", "pk": 86, "fields": {"product_name": "Brown Travel Watch", "description": "A brown leather travel watch with a black display and brown dials that's perfect for the adventurous man. With a sturdy construction and multiple time zones, this watch is perfect for the man who loves to explore.", "price": "60.00", "picture": "Screenshot_18_OENr1tQ.png", "time_created": "2023-02-26T12:32:12.655Z", "category": 3}}, {"model": "product.product", "pk": 87, "fields": {"product_name": "Silver Sleek Watch", "description": "A silver stainless steel watch with a silver display that's perfect for the modern man. With a sleek design and a durable construction, this watch is both functional and stylish.", "price": "55.00", "picture": "Screenshot_19_j35exrt.png", "time_created": "2023-02-26T12:32:36.314Z", "category": 3}}, {"model": "product.product", "pk": 88, "fields": {"product_name": "Old Fashioned Blue Watch", "description": "An old-fashioned black leather watch with a blue display that's perfect for the man with a taste for the classics. With a timeless design and a sturdy construction, this watch is both stylish and durable.", "price": "60.00", "picture": "Screenshot_20_tQ5DHvK.png", "time_created": "2023-02-26T12:33:22.187Z", "category": 3}}, {"model": "product.product", "pk": 89, "fields": {"product_name": "Silver Mesh Band Watch", "description": "A sleek and stylish silver watch with a mesh band that's perfect for the modern man. With a minimalist design and a clean look, this watch is perfect for any occasion, from the boardroom to a night out on the town.", "price": "42.00", "picture": "Screenshot_21_8kFKxDR.png", "time_created": "2023-02-26T12:34:56.517Z", "category": 3}}, {"model": "product.product", "pk": 90, "fields": {"product_name": "Black & Red Watch", "description": "A black leather watch with a touch of red that's perfect for the man who likes to stand out. With a bold design and a unique color combination, this watch is perfect for the man who values individuality.", "price": "45.00", "picture": "Screenshot_22_TvwXKsL.png", "time_created": "2023-02-26T12:35:24.966Z", "category": 3}}, {"model": "product.product", "pk": 91, "fields": {"product_name": "Manly Black Watch", "description": "A black leather watch with a black display that's perfect for the rugged and masculine man. With a sturdy construction and a bold design, this watch is perfect for the adventurous man.", "price": "51.00", "picture": "Screenshot_23_3zKdG5Q.png", "time_created": "2023-02-26T12:35:43.304Z", "category": 3}}, {"model": "product.product", "pk": 92, "fields": {"product_name": "Vintage Brown Watch", "description": "A vintage brown leather watch that's perfect for the man who values tradition. With a classic design and a distressed finish, this watch is both stylish and practical.", "price": "65.00", "picture": "Screenshot_24_yDhBeJ1.png", "time_created": "2023-02-26T12:36:03.244Z", "category": 3}}, {"model": "product.product", "pk": 94, "fields": {"product_name": "Vintage Brown Messenger Bag", "description": "A vintage brown messenger bag that's perfect for the man with a taste for the classics. With a timeless design and a distressed finish, this bag is both stylish and practical.", "price": "45.00", "picture": "Screenshot_14_uKG6d58.png", "time_created": "2023-02-26T12:41:09.654Z", "category": 4}}, {"model": "product.product", "pk": 95, "fields": {"product_name": "Sport Black Backpack", "description": "A sporty black backpack that's perfect for the active man. With a spacious main compartment, multiple pockets, and adjustable straps, this backpack can carry all your essentials while you hit the gym or go for a run.", "price": "55.00", "picture": "Screenshot_13_O10CPZY.png", "time_created": "2023-02-26T12:41:55.021Z", "category": 4}}, {"model": "product.product", "pk": 96, "fields": {"product_name": "Black Small Crossbody Bag", "description": "A small black crossbody bag that's perfect for the man on the go. With a compact design and multiple pockets, this bag can carry your essentials without weighing you down.", "price": "29.00", "picture": "Screenshot_15_teMS8YF.png", "time_created": "2023-02-26T12:43:11.379Z", "category": 4}}, {"model": "product.product", "pk": 97, "fields": {"product_name": "Light Blue Minimalist Tote", "description": "A light blue minimalist tote that's perfect for the man who values simplicity. With a spacious main compartment and a sleek profile, this tote is both stylish and practical. It's perfect for carrying your daily essentials.", "price": "27.00", "picture": "Screenshot_16_HN5YLxx.png", "time_created": "2023-02-26T12:43:38.717Z", "category": 4}}, {"model": "product.product", "pk": 98, "fields": {"product_name": "Leather Black Duffle Bag", "description": "A black leather duffle bag that's perfect for the stylish man. With a sleek design and a durable construction, this bag is both functional and fashionable.", "price": "42.00", "picture": "Screenshot_17_YXzPQ6a.png", "time_created": "2023-02-26T12:44:04.810Z", "category": 4}}, {"model": "product.product", "pk": 99, "fields": {"product_name": "Grey Nylon Backpack", "description": "A dark grey nylon backpack that's perfect for the man who values versatility. With a spacious main compartment and multiple pockets, this backpack can carry your essentials for work, travel, or leisure.", "price": "25.00", "picture": "Screenshot_18_rUNECff.png", "time_created": "2023-02-26T12:44:46.804Z", "category": 4}}, {"model": "product.product", "pk": 101, "fields": {"product_name": "Large Shoulder Bag", "description": "A large shoulder bag that's perfect for the man who needs to carry a lot. With a spacious main compartment and multiple pockets, this bag can carry everything you need for work, school, or travel.", "price": "52.00", "picture": "Screenshot_19_TlJiMdk.png", "time_created": "2023-02-26T12:45:56.977Z", "category": 4}}, {"model": "product.product", "pk": 102, "fields": {"product_name": "Black Leather Tote", "description": "A black leather tote that's perfect for the man who values style and practicality. With a spacious main compartment and a sleek design, this tote is perfect for carrying your daily essentials.", "price": "46.00", "picture": "Screenshot_20_PLFaEak.png", "time_created": "2023-02-26T12:46:27.169Z", "category": 4}}, {"model": "product.product", "pk": 103, "fields": {"product_name": "Neck Bag", "description": "A neck bag that's perfect for the man who values convenience. With a compact design and multiple pockets, this bag can carry your essentials without weighing you down. It's perfect for outdoor activities or travel.", "price": "21.00", "picture": "Screenshot_21_o9FiTna.png", "time_created": "2023-02-26T12:47:10.978Z", "category": 4}}, {"model": "product.product", "pk": 104, "fields": {"product_name": "White Messenger Bag", "description": "A white messenger bag that's perfect for the man who likes to stand out. With a bold design and a spacious main compartment, this bag is perfect for carrying your essentials in style. It features adjustable straps for added comfort.", "price": "43.00", "picture": "Screenshot_22_8rsK1ti.png", "time_created": "2023-02-26T12:47:42.184Z", "category": 4}}, {"model": "product.product", "pk": 105, "fields": {"product_name": "Black Shoulder Bag", "description": "A black shoulder bag that's perfect for the man who values simplicity. With a spacious main compartment and a minimalist design, this bag is both stylish and practical. It features an adjustable shoulder strap for added comfort.", "price": "33.00", "picture": "Screenshot_23_B3o3Oph.png", "time_created": "2023-02-26T12:48:05.392Z", "category": 4}}, {"model": "product.product", "pk": 106, "fields": {"product_name": "Minimalist Shoulder Bag", "description": "A minimalist shoulder bag that's perfect for the man who values clean lines and simplicity. With a spacious main compartment and a sleek design, this bag is perfect for carrying your essentials in style.", "price": "29.00", "picture": "Screenshot_24_TGhhSIO.png", "time_created": "2023-02-26T12:49:47.355Z", "category": 4}}, {"model": "product.product", "pk": 107, "fields": {"product_name": "White Fashion Hat", "description": "This white fashion hat will add the perfect touch of sophistication and style to any outfit. Made from high-quality materials, it's perfect for any occasion.", "price": "30.00", "picture": "Hat_1.png", "time_created": "2023-02-26T13:53:01.431Z", "category": 5}}, {"model": "product.product", "pk": 108, "fields": {"product_name": "Beige Color Hat", "description": "This stylish beige hat is the perfect addition to any man's wardrobe. It's made from soft, durable materials that will keep you comfortable and looking good all day long.", "price": "18.00", "picture": "Hat_2.png", "time_created": "2023-02-26T13:53:20.529Z", "category": 5}}, {"model": "product.product", "pk": 109, "fields": {"product_name": "Leather Black Hat", "description": "This sleek black leather hat is a classic style that never goes out of fashion. It's made from high-quality leather and features a stylish design that's perfect for any occasion.", "price": "25.00", "picture": "Hat_3.png", "time_created": "2023-02-26T13:53:36.532Z", "category": 5}}, {"model": "product.product", "pk": 110, "fields": {"product_name": "Army Color Hat", "description": "This rugged army color hat is perfect for any man who loves the outdoors. It's made from durable materials that can withstand the toughest conditions and features a stylish design that's perfect for any adventure.", "price": "27.00", "picture": "Hat_4.png", "time_created": "2023-02-26T13:53:58.371Z", "category": 5}}, {"model": "product.product", "pk": 111, "fields": {"product_name": "Wool Hat", "description": "This warm wool hat is perfect for those chilly days when you need to stay warm and stylish. It's made from soft, comfortable wool that will keep you cozy all day long.", "price": "12.00", "picture": "Hat_5.png", "time_created": "2023-02-26T13:54:22.011Z", "category": 5}}, {"model": "product.product", "pk": 112, "fields": {"product_name": "Street Graffiti Hat", "description": "This edgy street graffiti hat is perfect for the man who loves to make a statement. It's made from high-quality materials and features a bold, eye-catching design that's sure to turn heads.", "price": "25.00", "picture": "Hat_6.png", "time_created": "2023-02-26T13:54:41.805Z", "category": 5}}, {"model": "product.product", "pk": 113, "fields": {"product_name": "White Slick Hat", "description": "This sleek white hat is perfect for any man who wants to add a touch of sophistication to his style. It's made from high-quality materials and features a stylish, minimalist design that's perfect for any occasion.", "price": "35.00", "picture": "Hat_7.png", "time_created": "2023-02-26T13:54:55.147Z", "category": 5}}, {"model": "product.product", "pk": 114, "fields": {"product_name": "Black Hood Hat", "description": "This black hood hat is the perfect combination of style and comfort. It's made from soft, comfortable materials and features a hood design that's perfect for those chilly days when you need to stay warm.", "price": "30.00", "picture": "Hat_8.png", "time_created": "2023-02-26T13:55:15.277Z", "category": 5}}, {"model": "product.product", "pk": 115, "fields": {"product_name": "Black Hat", "description": "This classic black hat is a must-have for any man's wardrobe. It's made from high-quality materials and features a stylish design that's perfect for any occasion.", "price": "20.00", "picture": "Hat_9.png", "time_created": "2023-02-26T13:55:32.821Z", "category": 5}}, {"model": "product.product", "pk": 116, "fields": {"product_name": "Rough Grey Hat", "description": "This rough grey hat is perfect for the man who loves to add a touch of ruggedness to his style. It's made from durable materials and features a stylish design that's perfect for any adventure.", "price": "23.00", "picture": "Hat_10.png", "time_created": "2023-02-26T13:56:00.306Z", "category": 5}}, {"model": "product.product", "pk": 117, "fields": {"product_name": "Street Jeans Hat", "description": "This stylish street jeans hat is perfect for the man who loves to stay on-trend. It's made from high-quality materials and features a unique design that's sure to make you stand out from the crowd.", "price": "22.00", "picture": "Hat_11.png", "time_created": "2023-02-26T13:56:16.554Z", "category": 5}}, {"model": "product.product", "pk": 118, "fields": {"product_name": "Black Hat", "description": "This classic black hat is a timeless style that's perfect for any occasion. It's made from high-quality materials and features a sleek design that's perfect for any man's wardrobe.", "price": "23.00", "picture": "Hat_12.png", "time_created": "2023-02-26T13:56:59.353Z", "category": 5}}, {"model": "product.product", "pk": 119, "fields": {"product_name": "Blue Baseball Hat", "description": "This stylish blue baseball hat is perfect for any man who loves to show off his sporty side. It's made from high-quality materials and features a classic design that's perfect for any casual outfit.", "price": "28.00", "picture": "Hat_13.png", "time_created": "2023-02-26T13:57:54.430Z", "category": 5}}, {"model": "product.product", "pk": 120, "fields": {"product_name": "Black Donut", "description": "This unique hat features a black base with a donut-shaped logo on the front. It's a fun and playful accessory that adds a touch of personality to any outfit.", "price": "24.00", "picture": "Hat_14.png", "time_created": "2023-02-26T14:01:32.797Z", "category": 5}}, {"model": "product.product", "pk": 121, "fields": {"product_name": "Denim Dream", "description": "This classic denim hat is perfect for a casual and relaxed look. Its simple and versatile design makes it a great addition to any wardrobe.", "price": "19.00", "picture": "Hat_15.png", "time_created": "2023-02-26T14:02:42.121Z", "category": 5}}, {"model": "product.product", "pk": 122, "fields": {"product_name": "Army Grey", "description": "This rugged and durable hat is inspired by classic military styles. Its sturdy construction and practical design make it a great choice for outdoor activities.", "price": "18.00", "picture": "Hat_16.png", "time_created": "2023-02-26T14:03:11.612Z", "category": 5}}, {"model": "product.product", "pk": 123, "fields": {"product_name": "Heartfelt Green", "description": "This green hat features a heart-shaped logo on the front, adding a touch of whimsy to your look. Its comfortable fit and soft material make it a cozy and stylish accessory.", "price": "19.00", "picture": "Hat_17.png", "time_created": "2023-02-26T14:04:51.004Z", "category": 5}}, {"model": "product.product", "pk": 124, "fields": {"product_name": "Green Machine", "description": "This bold and eye-catching green hat is perfect for making a statement. Its vibrant color and modern design are sure to turn heads.", "price": "31.00", "picture": "Hat_18.png", "time_created": "2023-02-26T14:06:13.439Z", "category": 5}}, {"model": "product.product", "pk": 125, "fields": {"product_name": "Street Style", "description": "This trendy hat features a modern and edgy design inspired by street fashion. Its unique shape and bold graphics make it a standout accessory.", "price": "16.00", "picture": "Hat_19.png", "time_created": "2023-02-26T14:07:33.044Z", "category": 5}}, {"model": "product.product", "pk": 126, "fields": {"product_name": "Classic Charm", "description": "This timeless and elegant hat is a must-have for any sophisticated gentleman. Its understated design and high-quality materials make it a wardrobe staple.", "price": "26.00", "picture": "Hat_20.png", "time_created": "2023-02-26T14:07:56.145Z", "category": 5}}, {"model": "product.product", "pk": 127, "fields": {"product_name": "Velvet Vibes", "description": "This luxurious velvet hat is perfect for adding a touch of elegance to any outfit. Its soft and plush material and rich color make it a standout accessory.", "price": "20.00", "picture": "Hat_21.png", "time_created": "2023-02-26T14:08:17.149Z", "category": 5}}, {"model": "product.product", "pk": 128, "fields": {"product_name": "Black & Green", "description": "This stylish cap features a black base with a green accent on the brim. Its versatile design and comfortable fit make it a great choice for any occasion.", "price": "33.00", "picture": "Hat_22.png", "time_created": "2023-02-26T14:08:49.022Z", "category": 5}}, {"model": "product.product", "pk": 129, "fields": {"product_name": "Inlaid Style", "description": "This black and red hat features a unique inlaid design that adds a touch of sophistication to your look. Its sleek and modern design is perfect for the fashion-forward man.", "price": "34.00", "picture": "Hat_23.png", "time_created": "2023-02-26T14:09:23.161Z", "category": 5}}, {"model": "product.product", "pk": 130, "fields": {"product_name": "Black Gold & Rose", "description": "This striking hat features a black base with gold and rose accents on the brim. Its bold and luxurious design is perfect for making a statement.", "price": "38.00", "picture": "Hat_24.png", "time_created": "2023-02-26T14:10:26.627Z", "category": 5}}, {"model": "profile_user.profile", "pk": 1, "fields": {"user": 1, "first_name": "Admin", "last_name": "Istrator", "bio": "Administrator", "location": "", "picture": "admin_2gQqZnD.jpg"}}, {"model": "profile_user.profile", "pk": 2, "fields": {"user": 2, "first_name": "Omer", "last_name": "Yanai", "bio": "I like this shop", "location": "Israel", "picture": "user_avatar_1c7fXf8.jpg"}}, {"model": "profile_user.profile", "pk": 3, "fields": {"user": 3, "first_name": "Matan", "last_name": "", "bio": "I love shopping!", "location": "Israel", "picture": "user_avatar_7otSYIE.jpg"}}, {"model": "profile_user.profile", "pk": 4, "fields": {"user": 4, "first_name": "Alon", "last_name": "Birman", "bio": "I LOVE Clothes", "location": "Israel", "picture": "user_avatar_Ae9LMiU.jpg"}}, {"model": "profile_user.profile", "pk": 5, "fields": {"user": 5, "first_name": "Chen", "last_name": "", "bio": "I LOVE SHOPPING!", "location": "Israel", "picture": "user_avatar_GGawVrd.jpg"}}, {"model": "order.order", "pk": 1, "fields": {"user": 1, "price": "15.00", "amount": 1, "product": 1, "shipping_address": 1}}, {"model": "order.order", "pk": 2, "fields": {"user": 2, "price": "15.00", "amount": 1, "product": 1, "shipping_address": 2}}, {"model": "order.order", "pk": 3, "fields": {"user": 3, "price": "15.00", "amount": 1, "product": 1, "shipping_address": 3}}, {"model": "order.order", "pk": 4, "fields": {"user": 4, "price": "15.00", "amount": 1, "product": 1, "shipping_address": 4}}, {"model": "order.order", "pk": 5, "fields": {"user": 5, "price": "15.00", "amount": 1, "product": 1, "shipping_address": 5}}, {"model": "shipping.shipping", "pk": 1, "fields": {"first_name": "Admin", "last_name": "istrator", "address": "UNKNOWN", "city": "UNKNOWN", "state": "UNKNOWN", "postal_code": "123456789", "country": "UNKNOWN", "user": 1}}, {"model": "shipping.shipping", "pk": 2, "fields": {"first_name": "Omer", "last_name": "UNKNOWN", "address": "UNKNOWN", "city": "UNKNOWN", "state": "UNKNOWN", "postal_code": "123456789", "country": "Israel", "user": 2}}, {"model": "shipping.shipping", "pk": 3, "fields": {"first_name": "Matan", "last_name": "UNKNOWN", "address": "UNKNOWN", "city": "UNKNOWN", "state": "UNKNOWN", "postal_code": "123456789", "country": "Israel", "user": 3}}, {"model": "shipping.shipping", "pk": 4, "fields": {"first_name": "Birman", "last_name": "UNKNOWN", "address": "UNKNOWN", "city": "UNKNOWN", "state": "UNKNOWN", "postal_code": "123456789", "country": "Israel", "user": 4}}, {"model": "shipping.shipping", "pk": 5, "fields": {"first_name": "Chen", "last_name": "UNKNOWN", "address": "Israel", "city": "Israel", "state": "Israel", "postal_code": "123456789", "country": "Israel", "user": 5}}, {"model": "category.category", "pk": 1, "fields": {"category_name": "ACCESSORIES"}}, {"model": "category.category", "pk": 2, "fields": {"category_name": "WALLETS"}}, {"model": "category.category", "pk": 3, "fields": {"category_name": "WATCHES"}}, {"model": "category.category", "pk": 4, "fields": {"category_name": "BAGS"}}, {"model": "category.category", "pk": 5, "fields": {"category_name": "HATS"}}, {"model": "reviews.review", "pk": 2, "fields": {"product": 1, "user": 1, "name": "Omer", "rating": 5, "comment": "Very nice and bautiful! Just like in the pictures!", "createdAt": "2023-02-26T18:14:23.074Z", "picture": "Screenshot_1_AGbDMl7.png"}}, {"model": "reviews.review", "pk": 3, "fields": {"product": 1, "user": 2, "name": "Omer", "rating": 4, "comment": "I LOVE IT! The best bracelet I've ever worn!!!", "createdAt": "2023-02-26T18:41:47.217Z", "picture": "Screenshot_1_9IiRQKa.png"}}, {"model": "reviews.review", "pk": 4, "fields": {"product": 1, "user": 3, "name": "Matan", "rating": 4, "comment": "So comfortable! This shop owns the best items!", "createdAt": "2023-02-26T18:55:38.609Z", "picture": "Screenshot_1_tbSjb8Z.png"}}, {"model": "reviews.review", "pk": 5, "fields": {"product": 1, "user": 4, "name": "Birman", "rating": 4, "comment": "Extremely fast shipping, high-quality product!", "createdAt": "2023-02-26T19:02:29.912Z", "picture": "Screenshot_1_iCb7dE0.png"}}, {"model": "reviews.review", "pk": 6, "fields": {"product": 1, "user": 5, "name": "Chen", "rating": 5, "comment": "High quality materials, best accessories you can find!", "createdAt": "2023-02-26T19:09:42.381Z", "picture": "Screenshot_1_dcrUzyA.png"}}]